id;clutch_number;eggs_present;chicks_present;photo_taken;comments
1;backing up port;false;false;deposit Handmade;integrate neural-net deposit
2;parsing Administrator North Dakota;false;true;sky blue Minnesota instruction set;turn-key
3;Kazakhstan Shoes;true;true;Markets hard drive tangible;Gorgeous
4;Borders;true;true;client-driven Inlet;lime
5;capacitor tangible feed;false;false;invoice parsing Grocery;Maine Plastic Concrete
6;Producer;false;true;virtual;Bacon synergistic Rustic Metal Keyboard
7;Future;true;true;throughput EXE Garden;Wooden Optimized driver
8;Granite;true;true;Credit Card Account;quantify Borders
9;Village;false;false;Plastic Plains;cohesive Markets
10;incentivize Cayman Islands;false;true;quantify;PCI withdrawal
