id;name;surname;dob;address;email;add_date;update_date;mobile_number
1;calculate Investment Account;Soft Investment Account port;2020-11-22;Concrete system;Lynn.Buckridge@gmail.com;2020-11-23;2020-11-23;withdrawal
2;Handmade silver;Small maximized bandwidth-monitored;2020-11-23;International alarm;Deonte34@yahoo.com;2020-11-22;2020-11-22;reinvent cross-platform
3;Unbranded Granite Bacon;synergy internet solution;2020-11-23;Singapore;Kelli.Cassin@hotmail.com;2020-11-23;2020-11-23;Music pink
4;Directives alarm Jersey;time-frame Accounts;2020-11-22;Decentralized;Karli72@yahoo.com;2020-11-22;2020-11-23;Identity
5;Norfolk Island Kiribati lavender;Plastic Movies;2020-11-22;Cambridgeshire Illinois;Antonio67@gmail.com;2020-11-22;2020-11-22;Bacon invoice
6;white;e-business;2020-11-22;microchip;Dagmar_Fahey4@gmail.com;2020-11-22;2020-11-23;quantify Kids
7;Small National;Pants;2020-11-23;reinvent Baby;Cedrick_Muller16@gmail.com;2020-11-23;2020-11-22;Executive sensor
8;Practical Wooden Towels;monetize Pataca;2020-11-22;invoice;Darrel.Cummerata23@yahoo.com;2020-11-22;2020-11-23;North Carolina Burundi Franc
9;Baby;Idaho;2020-11-22;Unbranded Metal;Maryjane_Waters23@hotmail.com;2020-11-23;2020-11-22;Movies National Grocery
10;International Pakistan Rupee;back up;2020-11-23;Unbranded;Buck14@gmail.com;2020-11-22;2020-11-22;Incredible Cotton Chicken virtual Glen
